{"abusive_abusive_words_n_std": 1.4452423231298432, "abusive_abusive_words_n_mean": 1.1763731584172858, "abusive_abusive_words_ratio_std": 0.1924453792278409, "abusive_abusive_words_ratio_mean": 0.13636252182137296, "mfd_vice_n_std": 1.809735928152363, "mfd_vice_n_mean": 1.5600105401348572, "mfd_virtue_n_std": 2.6190386453605834, "mfd_virtue_n_mean": 2.5211955524395235, "mfd_vice_ratio_std": 0.18808563285201912, "mfd_vice_ratio_mean": 0.15988254054893397, "mfd_virtue_ratio_std": 0.1972399679364713, "mfd_virtue_ratio_mean": 0.22879113405263476, "polar_polar_words_n_std": 2.344240945137, "polar_polar_words_n_mean": 2.3890862550053877, "polar_polar_words_ratio_std": 0.21234529653237444, "polar_polar_words_ratio_mean": 0.23987234390954307, "valence_negative_words_n_std": 3.7746956638110443, "valence_negative_words_n_mean": 4.39255414759012, "valence_positive_words_n_std": 4.518224456355389, "valence_positive_words_n_mean": 5.337792500505833, "valence_negative_words_ratio_std": 0.23694288469017963, "valence_negative_words_ratio_mean": 0.4272744025296324, "valence_positive_words_ratio_std": 0.2444001033681456, "valence_positive_words_ratio_mean": 0.5099189289529035}