{"abusive_abusive_words_n_std": 0.5751163181430519, "abusive_abusive_words_n_mean": 0.26224702499988234, "abusive_abusive_words_ratio_std": 0.14394797383547292, "abusive_abusive_words_ratio_mean": 0.048491930679791656, "mfd_vice_n_std": 0.5414865049222715, "mfd_vice_n_mean": 0.24606980016092528, "mfd_virtue_n_std": 0.7660885007280096, "mfd_virtue_n_mean": 0.44454900927437757, "mfd_vice_ratio_std": 0.11073705861413315, "mfd_vice_ratio_mean": 0.036410092276701674, "mfd_virtue_ratio_std": 0.12056806857580238, "mfd_virtue_ratio_mean": 0.05580634778739363, "polar_polar_words_n_std": 0.7799689545549691, "polar_polar_words_n_mean": 0.46662212204911513, "polar_polar_words_ratio_std": 0.14031799474651077, "polar_polar_words_ratio_mean": 0.06457194688494933, "valence_negative_words_n_std": 1.5001086755314519, "valence_negative_words_n_mean": 1.2654184762917546, "valence_positive_words_n_std": 1.908115323382601, "valence_positive_words_n_mean": 1.8645263291627652, "valence_negative_words_ratio_std": 0.21305033070935983, "valence_negative_words_ratio_mean": 0.16955439578804146, "valence_positive_words_ratio_std": 0.24233044143666127, "valence_positive_words_ratio_mean": 0.24816808567333248}